,Department,Count,Product,1-star,2-star,3-star,4-star,5-star,Verified,Review_Rate,Verified_Rate
0,Book,1999749,29718,72506,90440,199015,441158,1196630,1353565,67.29083383807793,0.6768674468645816
